size,cpus,time
100,1,0.00185895
200,1,0.016932487
400,1,0.090424776
800,1,0.801995754
1000,1,1.572478056
1200,1,2.697433233
1400,1,4.591564894
1600,1,7.017711401
2000,1,13.1293211
100,2,0
200,2,0.006648779
400,2,0.046837091
800,2,0.437840939
1000,2,0.972453117
1200,2,1.630612612
1400,2,2.589006424
1600,2,3.72028327
2000,2,6.766241789
100,4,0
200,4,0.015625954
400,4,0.012711763
800,4,0.232372284
1000,4,0.455834866
1200,4,0.965801239
1400,4,1.881196499
1600,4,2.422655821
2000,4,3.800330639
100,8,0
200,8,0
400,8,0.015625715
800,8,0.109375
1000,8,0.191884756
1200,8,0.365540743
1400,8,0.687427044
1600,8,0.878709316
2000,8,1.920880795
100,1,0.001001358
200,1,0.013211489
400,1,0.09376049
800,1,0.760190248
1000,1,1.585582972
1200,1,2.70305109
1400,1,4.817066431
1600,1,7.510165691
2000,1,14.0434401
3000,1,70.80034208
100,2,0
200,2,0
400,2,0.046874523
800,2,0.476310015
1000,2,1.090409279
1200,2,1.970578432
1400,2,3.139290333
1600,2,4.500582933
2000,2,8.117884636
3000,2,36.49586415
100,4,0
200,4,0
400,4,0.015625954
800,4,0.197097063
1000,4,0.610434532
1200,4,1.760747194
1400,4,3.243713379
1600,4,3.695689201
2000,4,6.170260906
3000,4,20.49203038
100,8,0
200,8,0
400,8,0.046875477
800,8,0.109186411
1000,8,0.350424528
1200,8,1.016945362
1400,8,3.374256134
1600,8,4.592851639
2000,8,6.317226648
3000,8,14.19742107
100,10,0.015624046
200,10,0.015624046
400,10,0.015625238
800,10,0.129677773
1000,10,0.482216597
1200,10,1.471274376
1400,10,3.153283596
1600,10,4.811691999
2000,10,6.691667795
3000,10,12.83441615
100,16,0
200,16,0.016173363
400,16,0.000305414
800,16,0.091993332
1000,16,0.174967527
1200,16,1.62848568
1400,16,3.002505541
1600,16,5.820960283
2000,16,7.781134129
3000,16,12.46166945
100,1,0.0014213
200,1,0.0116667
400,1,0.0927145
800,1,0.7611642
1000,1,1.6028656
1200,1,2.8877931
1400,1,4.9466693
1600,1,7.5946648
2000,1,13.7293293
3000,1,70.2788776
100,2,0.0015809
200,2,0.0065651
400,2,0.0464552
800,2,0.4304987
1000,2,1.1771545
1200,2,1.9737646
1400,2,3.2253939
1600,2,4.3549486
2000,2,7.8640689
3000,2,37.8058739
100,4,0.0020526
200,4,0.0042305
400,4,0.0330859
800,4,0.368729
1000,4,1.2883185
1200,4,1.9967938
1400,4,3.4322046
1600,4,4.3215697
2000,4,5.9787712
3000,4,20.5808886
100,8,0.0030808
200,8,0.0035895
400,8,0.0136138
800,8,0.1463246
1000,8,0.3524916
1200,8,1.3641717
1400,8,3.1623327
1600,8,4.6454968
2000,8,6.2945281
3000,8,13.5381198
100,10,0.0035639
200,10,0.0046439
400,10,0.0135136
800,10,0.1014246
1000,10,0.2416737
1200,10,3.9101007
1400,10,5.1978113
1600,10,5.4208203
2000,10,6.5536869
3000,10,13.263134
100,16,0.0032775
200,16,0.005672
400,16,0.0307939
800,16,0.0931803
1000,16,2.2451204
1200,16,0.4418305
1400,16,3.9607115
1600,16,5.1343417
2000,16,7.8767721
3000,16,12.2959936
100,1,0.0014891
200,1,0.0121884
400,1,0.0968535
800,1,0.8071836
1000,1,1.5096801
1200,1,2.7311283
1400,1,4.5645729
1600,1,6.5434225
2000,1,12.3737643
3000,1,64.676146
100,1,0.001185
200,1,0.0115188
400,1,0.092664
800,1,0.7886787
1000,1,1.5325617
1200,1,2.6432031
1400,1,4.3492368
1600,1,6.4435435
2000,1,12.1008791
3000,1,64.9979932
100,2,0.0017031
200,2,0.0075507
400,2,0.0473372
800,2,0.4064454
1000,2,0.8593692
1200,2,1.4812759
1400,2,2.455412
1600,2,3.553732
2000,2,6.7119995
3000,2,32.7296991
100,4,0.0029395
200,4,0.0058836
400,4,0.0266491
800,4,0.2683596
1000,4,0.9130361
1200,4,1.1340728
1400,4,1.9072335
1600,4,2.9487387
2000,4,5.1078355
3000,4,18.3705369
100,8,0.0036114
200,8,0.0042444
400,8,1.5884106
800,8,1.5256151
1000,8,2.0342819
1200,8,2.303587
1400,8,2.8187921
1600,8,2.2520073
2000,8,4.974081
3000,8,11.6436035
100,10,0.0018763
200,10,0.0040239
400,10,0.0135564
800,10,0.0845615
1000,10,2.6710743
1200,10,0.7361906
1400,10,3.574835
1600,10,4.3146528
2000,10,4.9933117
3000,10,10.6804026
100,16,0.0057294
200,16,0.0060205
400,16,0.0114016
800,16,0.0797308
1000,16,3.632496
1200,16,2.8011328
1400,16,3.932343
1600,16,4.2840218
2000,16,3.8187756
3000,16,10.0594911
100,1,0.0013474
200,1,0.0113545
400,1,0.0947466
800,1,0.8344
1000,1,1.6437106
1200,1,2.9690384
1400,1,4.8052977
1600,1,7.5283767
2000,1,14.4311183
3000,1,70.8683429
100,2,0.0029205
200,2,0.0069453
400,2,0.0546827
800,2,0.4341006
1000,2,0.9290677
1200,2,1.5886052
1400,2,2.7101526
1600,2,4.4538861
2000,2,7.7715845
3000,2,36.1666062
100,4,0.0044228
200,4,0.0051722
400,4,0.0270195
800,4,0.2933205
1000,4,0.5579433
1200,4,0.9243136
1400,4,2.128514
1600,4,3.2486076
2000,4,5.3025851
3000,4,20.5246086
100,8,0.0065915
200,8,0.0068699
400,8,0.015623
1000,8,0.6087239
800,8,0.809521
1400,8,1.3293776
1200,8,1.6385906
1600,8,4.0296405
2000,8,6.4704236
3000,8,14.9581904
100,10,0.0038567
200,10,0.0029822
400,10,0.0145061
800,10,0.1194627
1000,10,0.25348
1200,10,0.880295
1400,10,2.236252
1600,10,3.4246066
2000,10,5.9680467
3000,10,13.2991679
100,16,0.0035598
200,16,0.0057293
400,16,0.0123875
1200,16,0.3519471
1000,16,0.263922
800,16,0.8646622
1400,16,2.0859866
1600,16,3.65966
2000,16,6.8223269
3000,16,12.573523
3200,1,100.3202289
3600,1,146.2202948
4000,1,194.685807
4400,1,261.9034549
5000,1,388.4915518
6000,1,720.0904867
7000,1,1255.423118
8000,1,1929.133612
100,1,0.0015641
200,1,0.0106601
400,1,0.1001466
800,1,0.7988877
1000,1,1.5095778
1200,1,2.6660928
1400,1,4.2913353
1600,1,6.3128076
2000,1,12.0602104
3000,1,65.199825
100,2,0.0015484
200,2,0.0087062
400,2,0.0492523
800,2,0.3893934
1000,2,0.7947324
1200,2,1.4669814
1400,2,2.4478609
1600,2,3.5220602
2000,2,6.4975949
3000,2,32.7327716
100,4,0.0030541
200,4,0.006831
800,4,0.2053749
400,4,0.0293604
1000,4,0.421532
1200,4,1.2349196
1400,4,1.798624
1600,4,2.8533868
2000,4,4.8646207
3000,4,17.9969961
100,8,0.0035404
200,8,0.0104355
400,8,0.0147003
1200,8,0.3765329
800,8,0.3500476
1000,8,0.4752284
1600,8,2.5059707
1400,8,2.1862833
2000,8,4.9025227
3000,8,11.1674826
100,10,0.0024454
200,10,0.0030399
400,10,0.0169823
800,10,0.1368087
1000,10,0.2933729
1200,10,1.0194999
1400,10,1.7579025
1600,10,3.4536876
2000,10,5.2242489
3000,10,10.8168211
100,16,0.0043442
200,16,0.0049446
400,16,0.0167354
800,16,0.0846641
1000,16,0.1416996
1200,16,0.2974447
1400,16,4.7592257
1600,16,5.0722034
2000,16,7.1448618
3000,16,10.7254347
100,1,0.0016979
200,1,0.0112733
400,1,0.0949355
800,1,0.7608595
1000,1,1.5345013
1200,1,2.8580455
1400,1,4.7064162
1600,1,8.1454764
2000,1,15.8500527
2600,1,44.9667401
3000,1,75.6198675
3600,1,125.645353
4000,1,166.8724544
5000,1,351.1265169
6000,1,595.0289401
7000,1,1054.891841
100,2,0.0022463
200,2,0.0067266
400,2,0.0487086
1000,2,0.8341494
800,2,0.4521646
1200,2,1.5294874
1400,2,2.7971441
1600,2,5.7356334
2000,2,13.2700063
2600,2,34.6980885
3000,2,54.1871023
3600,2,87.5039723
4000,2,112.704767
5000,2,209.8704342
6000,2,340.0213366
7000,2,573.6553929
100,4,0.0024323
200,4,0.0035302
400,4,0.0254342
800,4,0.1927243
1200,4,1.0370052
1000,4,1.2987432
1400,4,2.0194514
1600,4,4.4939167
2000,4,14.1080866
2600,4,37.9843828
3000,4,57.8654932
3600,4,94.7763256
4000,4,113.1541398
5000,4,179.5945041
6000,4,253.0512045
7000,4,371.2961241
100,8,0.0032798
200,8,0.0051789
400,8,0.0197555
800,8,0.1605888
1600,8,2.4164656
1000,8,2.7146257
1200,8,3.0665764
1400,8,3.9011975
2000,8,12.6660014
2600,8,24.9573303
3000,8,50.7246924
3600,8,78.9048166
4000,8,103.6748604
5000,8,172.6958108
6000,8,246.3024606
7000,8,304.9830376
100,10,0.0038207
200,10,0.0052437
400,10,0.0215911
1000,10,0.276229
1200,10,0.7369671
800,10,0.5083181
1400,10,1.0926876
1600,10,1.3734157
2000,10,11.2153477
2600,10,27.8577256
3000,10,48.2888149
3600,10,79.9252976
4000,10,108.5514776
5000,10,172.2813811
6000,10,246.8858214
7000,10,297.5955165
100,16,0.0055297
200,16,0.0054857
400,16,0.0133265
800,16,0.0823617
1200,16,1.640077
1000,16,2.8258866
1400,16,3.9474177
2000,16,5.399171
1600,16,5.2546026
2600,16,23.6298536
3000,16,36.8136726
4000,16,97.6705786
3600,16,77.9481763
5000,16,168.7448888
6000,16,237.7770184
7000,16,282.0781407
100,1,0.0013834
200,1,0.011581
400,1,0.0949754
800,1,0.8095752
1000,1,1.5898121
1200,1,2.7579702
1400,1,5.0547433
1600,1,7.5245061
2000,1,16.0906547
2600,1,47.3227725
3000,1,80.5226942
3600,1,129.0400705
4000,1,170.3245559
5000,1,355.6317441
6000,1,605.9656453
7000,1,1066.852722
100,1,0.0013546
200,1,0.0107987
400,1,0.0919023
800,1,0.7473886
1000,1,1.5914224
1200,1,2.8079187
1400,1,4.8314006
1600,1,7.7431663
2000,1,15.818329
2600,1,47.1353862
3000,1,77.9345291
3600,1,126.9910866
4000,1,168.8955412
5000,1,354.6555735
6000,1,605.4499778
7000,1,1070.757286
100,1,0.0012378
200,1,0.0109194
400,1,0.094559
800,1,0.7877215
1000,1,1.5168233
1200,1,2.7572225
1400,1,4.7736864
1600,1,7.384182
2000,1,16.4180682
2600,1,48.3311978
3000,1,80.4028297
3600,1,129.4235994
4000,1,171.6512558
5000,1,356.0624069
6000,1,605.3510213
7000,1,1068.813303
100,1,0.001319
200,1,0.0113129
400,1,0.090939
800,1,0.7817298
1000,1,1.5271494
1200,1,2.7663036
1400,1,4.7999244
1600,1,7.1597184
2000,1,15.8020246
2600,1,46.1377147
3000,1,76.1232259
3600,1,126.929548
4000,1,167.574477
5000,1,352.2037668
6000,1,597.1177238
7000,1,1066.466693
100,2,0.0016494
200,2,0.0069824
400,2,0.0486251
800,2,0.3991624
1000,2,0.7848704
1200,2,1.4300256
1400,2,2.4235307
1600,2,5.0604797
2000,2,12.2369176
2600,2,35.1861821
3000,2,54.3665369
3600,2,89.7233857
4000,2,116.581684
5000,2,212.5579891
6000,2,346.0795367
7000,2,581.3149197
100,4,0.0020551
200,4,0.0047983
400,4,0.0289891
1000,4,0.4065434
1200,4,1.2007402
800,4,0.8141808
1400,4,2.5290817
1600,4,5.3116113
2000,4,14.1357573
2600,4,34.6956962
3000,4,54.9248596
3600,4,89.5379028
4000,4,111.7824676
5000,4,178.1822741
6000,4,258.9974204
7000,4,375.1660834
100,8,0.0026289
200,8,0.0037555
400,8,0.0213082
1000,8,0.1961763
800,8,0.4484429
1400,8,1.8476121
1200,8,3.7151148
1600,8,6.2785027
2000,8,9.3701627
2600,8,35.7924781
3000,8,53.3588106
3600,8,90.7495888
4000,8,111.7771107
5000,8,175.2814622
6000,8,246.1074133
7000,8,306.2472541
100,10,0.0029279
200,10,0.0038815
800,10,0.0870976
400,10,0.4627977
1400,10,0.7390124
1200,10,2.1242542
1000,10,3.2715447
2000,10,7.1792488
1600,10,6.3345939
2600,10,35.3796074
3000,10,53.1480806
3600,10,95.9562653
4000,10,122.3822129
5000,10,192.762897
6000,10,249.9167686
7000,10,299.2563652
100,16,0.0033555
200,16,0.0060595
400,16,0.0195553
1000,16,0.1557333
1200,16,0.7513731
1400,16,1.62145
800,16,2.6399747
1600,16,3.8942172
2000,16,9.3009327
2600,16,21.0551635
3000,16,39.4379805
3600,16,75.6478116
4000,16,102.7535052
5000,16,171.6981818
6000,16,236.830082
7000,16,286.1067019
100,2,0.0013814
200,2,0.006324
400,2,0.0521957
800,2,0.3950842
1000,2,0.8108251
1200,2,1.6559923
1400,2,2.6737469
1600,2,4.9636584
2000,2,13.1722161
2600,2,36.4026655
3000,2,54.3963606
3600,2,89.9676366
4000,2,117.0383662
5000,2,215.7999216
6000,2,346.9521252
7000,2,587.9005463
100,1,0.0012897
200,1,0.0112783
400,1,0.0907437
800,1,0.818929
1000,1,1.5838981
1200,1,2.9510694
1400,1,4.9858964
1600,1,7.7296413
2000,1,16.3941242
2600,1,48.3137062
3000,1,80.0268618
3600,1,128.949794
4000,1,170.3743512
5000,1,354.861805
6000,1,602.2019526
7000,1,1080.387452
100,2,0.0013862
200,2,0.0094772
400,2,0.0482625
800,2,0.3773747
1000,2,0.8427568
1200,2,1.4765461
1400,2,2.6864635
1600,2,5.2750796
2000,2,13.0296511
2600,2,35.6192683
3000,2,54.184221
3600,2,88.7368538
4000,2,115.4940964
5000,2,211.7351127
6000,2,344.6863704
7000,2,584.1415246
100,4,0.0018517
200,4,0.0045165
400,4,0.0246467
800,4,0.2706876
1000,4,0.6176752
1200,4,1.2388452
1400,4,2.7364743
1600,4,3.3008455
2000,4,11.4588354
2600,4,36.0877098
3000,4,59.3586275
3600,4,66.6291359
4000,4,110.1261352
5000,4,180.747327
6000,4,258.7335028
7000,4,376.5565901
100,8,0.0030132
200,8,0.0038652
400,8,0.0130377
800,8,0.1101054
1000,8,0.1989493
1200,8,0.3618558
1600,8,3.6124456
1400,8,3.9688409
2000,8,11.0852072
2600,8,32.9995169
3000,8,52.5165275
3600,8,81.5775561
4000,8,107.4167244
5000,8,177.0981729
6000,8,244.8459548
7000,8,310.1745699
100,10,0.0025195
200,10,0.0028393
400,10,0.0129522
800,10,0.0940748
1400,10,0.5863923
1000,10,0.6203885
1200,10,0.8354457
1600,10,3.4906147
2000,10,6.9249914
2600,10,29.0879555
3000,10,46.413758
3600,10,78.2136472
4000,10,102.3809247
5000,10,171.0231114
6000,10,249.6730743
7000,10,304.2951954
100,16,0.0026942
200,16,0.0038534
400,16,0.0118735
800,16,0.0875128
1200,16,0.2657212
1400,16,1.2062353
1600,16,2.8368772
1000,16,2.4843912
2000,16,11.025557
2600,16,26.8796069
3000,16,45.8832873
3600,16,83.5960409
4000,16,106.5696698
5000,16,170.8951154
6000,16,235.0918441
7000,16,278.953585
100,4,0.0019204
200,4,0.0035188
400,4,0.0243888
800,4,0.1983722
1000,4,0.3895791
1200,4,0.7928133
1400,4,3.3394592
1600,4,4.8025056
2000,4,13.612127
2600,4,38.0148322
3000,4,56.8948788
3600,4,87.6714206
4000,4,109.9960398
5000,4,177.3028126
6000,4,261.2777796
7000,4,376.7551283
100,1,0.0013059
200,1,0.01163
400,1,0.0890212
800,1,0.780758
1000,1,1.5458237
1200,1,2.7279649
1400,1,5.0410686
1600,1,8.0561974
2000,1,16.8284821
2600,1,49.3980354
3000,1,81.6552747
3600,1,130.6465869
4000,1,171.8250322
5000,1,358.7903827
6000,1,609.6324289
7000,1,1071.199362
100,2,0.0013001
200,2,0.0057602
400,2,0.0478657
800,2,0.4130528
1000,2,0.8632984
1200,2,1.5784923
1400,2,2.9433884
1600,2,4.840735
2000,2,11.2758281
2600,2,35.9203872
3000,2,55.4571336
3600,2,90.6747961
4000,2,117.1768588
5000,2,213.9956231
6000,2,349.6347356
7000,2,578.9031438
100,4,0.0020555
200,4,0.0052927
400,4,0.0244675
1000,4,0.6831391
1200,4,1.22169
800,4,0.5694186
1400,4,2.1837657
1600,4,5.0230326
2000,4,10.9371324
2600,4,32.7250642
3000,4,49.2686999
3600,4,84.5703078
4000,4,108.0595655
5000,4,177.6834146
6000,4,261.1740545
7000,4,373.6633119
100,8,0.0039863
200,8,0.0064285
800,8,0.1192812
1000,8,0.2954237
400,8,0.1877264
1200,8,0.4551469
1400,8,3.0530381
1600,8,4.5978011
2000,8,8.9990792
2600,8,36.4048284
3000,8,54.1284247
3600,8,92.4519264
4000,8,115.9585152
5000,8,192.0806451
6000,8,251.7638147
7000,8,307.1489599
100,10,0.0043807
200,10,0.0054299
400,10,0.1428092
800,10,0.2110181
1200,10,0.3189163
1000,10,0.3513792
1600,10,2.4507406
1400,10,2.8478574
2000,10,9.5215177
2600,10,30.1721822
3000,10,51.0054147
3600,10,83.1464614
4000,10,108.2293309
5000,10,178.2555736
6000,10,249.5788628
7000,10,299.3669971
100,16,0.0063864
200,16,0.006242
400,16,0.0123243
800,16,0.0881512
1600,16,0.8502302
1200,16,1.7362627
1000,16,2.2192516
1400,16,4.8810023
2000,16,10.8973032
2600,16,26.1372707
3000,16,37.6592372
3600,16,79.0720237
4000,16,102.5783804
5000,16,169.6950146
6000,16,235.5415702
7000,16,282.770257
100,8,0.0029073
200,8,0.0030065
400,8,0.0175098
800,8,0.1163799
1000,8,0.7762448
1200,8,1.3651388
1600,8,2.2074123
1400,8,1.9723377
2000,8,9.103777
2600,8,23.6741935
3000,8,51.4677852
3600,8,81.4804759
4000,8,106.6685061
5000,8,188.2332181
6000,8,247.940919
7000,8,307.5856095
100,1,0.0012312
200,1,0.010948
400,1,0.0915478
800,1,0.7610577
1000,1,1.5878176
1200,1,2.8796505
1400,1,5.0089849
1600,1,7.4441964
2000,1,15.5359122
2600,1,46.3077087
3000,1,76.9941668
3600,1,124.5726821
4000,1,167.9196949
5000,1,351.9448114
6000,1,603.8600212
7000,1,1065.495607
100,2,0.001198
200,2,0.0059824
400,2,0.0466663
800,2,0.5092464
1000,2,0.9182489
1200,2,1.6790996
1400,2,3.1904265
1600,2,6.1344588
2000,2,10.7721496
2600,2,35.5774859
3000,2,53.4465572
3600,2,88.6082018
4000,2,114.4084364
5000,2,213.4734554
6000,2,346.3132236
7000,2,578.9516637
100,4,0.0018939
200,4,0.0060454
400,4,0.0268364
800,4,0.2337735
1000,4,0.5242709
1200,4,1.0229623
1400,4,2.1855348
1600,4,4.3756441
2000,4,11.4104408
2600,4,35.1107988
3000,4,56.9456159
3600,4,90.9774478
4000,4,113.1994102
5000,4,173.1599272
6000,4,260.9390169
7000,4,374.4335147
100,8,0.002386
200,8,0.0053961
400,8,0.0129614
800,8,0.4462731
1000,8,0.6953385
1400,8,0.9437577
1200,8,0.5483526
1600,8,5.2565452
2000,8,8.2315343
2600,8,39.1088798
3000,8,56.0953944
3600,8,92.1963369
4000,8,114.7621645
5000,8,176.979004
6000,8,254.8259949
7000,8,309.1409692
100,10,0.0040677
200,10,0.0049317
400,10,0.1696803
800,10,0.2311366
1400,10,0.816358
1000,10,3.3361125
1200,10,4.0973076
2000,10,7.3112201
1600,10,6.6918348
2600,10,23.0054965
3000,10,48.0310224
3600,10,83.408833
4000,10,109.28157
5000,10,185.8196368
6000,10,251.7273392
7000,10,298.4015092
100,16,0.0038469
200,16,0.0104621
400,16,0.0115809
1600,16,1.146609
800,16,6.3507317
1400,16,8.1506448
1000,16,12.2924386
1200,16,12.4828108
2600,16,20.4050426
2000,16,22.8214715
3000,16,48.8246435
3600,16,91.3146241
4000,16,110.0160363
5000,16,176.497306
6000,16,248.3444225
7000,16,289.6534571
100,10,0.002045
200,10,0.0032319
400,10,0.0120312
1000,10,1.1012524
800,10,1.6051239
1200,10,1.8781657
1400,10,2.7734533
1600,10,4.9090434
2000,10,7.8285918
2600,10,22.7257965
3000,10,56.145516
3600,10,85.1662955
4000,10,108.7811926
5000,10,179.6582698
6000,10,251.1298245
7000,10,305.2832235
100,1,0.0014138
200,1,0.0112764
400,1,0.0917204
800,1,0.8169116
1000,1,1.5375297
1200,1,2.9007905
1400,1,5.2458984
1600,1,8.3131529
2000,1,17.1651021
2600,1,50.9574635
3000,1,84.2911503
3600,1,132.8509791
4000,1,174.6561308
5000,1,361.888377
6000,1,597.9327145
7000,1,1071.190225
100,2,0.001575
200,2,0.0061545
400,2,0.0473908
800,2,0.3806036
1000,2,0.8838973
1200,2,1.5545847
1400,2,2.9894115
1600,2,5.6482841
2000,2,14.4697801
2600,2,37.761368
3000,2,56.1709058
3600,2,89.1442411
4000,2,112.427288
5000,2,212.5606999
6000,2,340.3427714
7000,2,579.764348
100,4,0.0015031
200,4,0.0033774
400,4,0.0241927
800,4,0.1932883
1000,4,0.3904778
1400,4,2.6128793
1200,4,1.9265357
1600,4,4.87733
2000,4,12.9138424
2600,4,37.4314244
3000,4,59.5692065
3600,4,93.4279864
4000,4,112.9214327
5000,4,183.8024081
6000,4,260.3394056
7000,4,372.7945243
100,8,0.0025567
200,8,0.00403
400,8,0.0143829
800,8,0.103742
1000,8,0.2325169
1200,8,0.3755946
1400,8,1.1490952
1600,8,2.8681919
2000,8,9.2280501
2600,8,30.6939005
3000,8,49.9994335
3600,8,89.9874959
4000,8,113.7272638
5000,8,198.1941616
6000,8,249.4741963
7000,8,308.9851285
100,10,0.0028899
200,10,0.0039189
400,10,0.0119717
800,10,0.1068989
1000,10,0.2544334
1400,10,0.8132193
1200,10,2.6202448
1600,10,5.534882
2000,10,11.2082454
2600,10,23.5942883
3000,10,52.850845
3600,10,78.2610357
4000,10,102.1796767
5000,10,179.2145462
6000,10,248.0640357
7000,10,301.2851459
100,16,0.0034117
200,16,0.0036044
400,16,0.0142314
800,16,0.102968
1000,16,0.1658854
1400,16,2.6832599
2000,16,3.9252949
1600,16,3.6195666
1200,16,8.7116804
2600,16,38.0363491
3000,16,47.8024078
3600,16,85.5441647
4000,16,111.9345474
5000,16,181.5678742
6000,16,240.6706757
7000,16,285.7984739
100,16,0.0034168
400,16,0.0113477
200,16,0.0037896
1000,16,0.1645386
1200,16,0.8948478
1400,16,1.3250375
800,16,1.4333155
1600,16,3.7490621
2000,16,9.3746758
2600,16,24.5707723
3000,16,46.9152015
3600,16,80.8132913
4000,16,106.0910586
5000,16,172.2129108
6000,16,236.2190422
7000,16,283.4367682
100,1,0.0015749
200,1,0.0112591
400,1,0.0976537
800,1,0.7840723
1000,1,1.6068804
1200,1,2.8720268
1400,1,5.2478737
1600,1,7.7134682
2000,1,16.1730908
2600,1,49.44984
3000,1,79.6861648
3600,1,130.8961884
4000,1,173.8308954
5000,1,354.1612324
6000,1,608.1824304
7000,1,1067.461806
100,2,0.0015101
200,2,0.0058824
400,2,0.0471154
800,2,0.3979335
1200,2,1.4089462
1000,2,0.8871081
1400,2,3.2154471
1600,2,4.6888718
2000,2,14.1454723
2600,2,36.4402378
3000,2,55.1079701
3600,2,91.5547222
4000,2,117.8214327
5000,2,213.9644325
6000,2,351.1440557
7000,2,582.7361153
100,4,0.0017357
200,4,0.004202
400,4,0.0264057
1000,4,0.4179584
800,4,0.214894
1200,4,0.9951374
1400,4,3.5857992
1600,4,5.3745924
2000,4,11.7469663
2600,4,34.7630899
3000,4,51.6546278
3600,4,86.2870285
4000,4,109.6822764
5000,4,182.7866735
6000,4,263.4283178
7000,4,373.892912
100,8,0.002397
200,8,0.0056995
400,8,0.014812
1000,8,0.2256147
1200,8,0.4608655
800,8,0.426451
1400,8,1.5857288
1600,8,1.8952164
2600,8,26.6390937
2000,8,18.1247325
3000,8,49.0950593
3600,8,86.3220592
4000,8,110.2457438
5000,8,180.2265793
6000,8,248.2767461
7000,8,309.8888752
100,10,0.0028305
200,10,0.0045667
400,10,0.0122381
1200,10,0.2762941
800,10,0.7179035
1000,10,1.0964062
1600,10,1.9285826
1400,10,2.0144971
2000,10,11.3762224
2600,10,21.9350028
3000,10,53.9117939
3600,10,78.3344124
4000,10,102.1069989
5000,10,181.1247872
6000,10,248.4872426
7000,10,302.6304275
100,16,0.0037026
200,16,0.0055242
800,16,0.0865962
400,16,0.0130337
1000,16,0.9157113
1200,16,1.5435233
1600,16,5.3784819
1400,16,5.1027588
2000,16,12.3019953
2600,16,19.6169465
3000,16,38.1391743
3600,16,78.5933719
4000,16,102.2014196
5000,16,172.5668847
6000,16,236.5477896
7000,16,286.5008517
100,2,0.0011175
200,2,0.0063757
400,2,0.0487834
800,2,0.397444
1000,2,0.7978887
1200,2,1.4210324
1400,2,2.7001656
1600,2,4.9315058
2000,2,12.2497544
2600,2,36.5720271
3000,2,55.9094849
3600,2,93.0246124
4000,2,121.6882937
5000,2,218.8334165
6000,2,350.0428215
7000,2,582.746372
100,1,0.0013345
200,1,0.0106768
400,1,0.0931594
800,1,0.8002728
1000,1,1.5540098
1200,1,2.8292362
1400,1,5.0184772
1600,1,8.2522702
2000,1,15.5202845
2600,1,47.9844511
3000,1,79.5691875
3600,1,129.8706612
4000,1,172.2480726
5000,1,355.0773588
6000,1,600.6578297
7000,1,1072.984348
100,1,0.0013579
200,1,0.0103932
400,1,0.0924979
800,1,0.8037118
1000,1,1.5494933
1200,1,2.9162594
1400,1,4.7168959
1600,1,7.7828525
2000,1,16.2559415
2600,1,48.3126091
3000,1,78.7722111
3600,1,129.9089211
4000,1,172.7665071
5000,1,358.0765762
6000,1,599.0792805
7000,1,1069.755628
100,2,0.0014607
200,2,0.0057686
400,2,0.0591578
800,2,0.3868178
1200,2,1.4072854
1000,2,0.8848361
1400,2,3.043177
1600,2,5.54903
2000,2,12.5100808
2600,2,35.6191965
3000,2,54.8190865
3600,2,88.9374754
4000,2,117.585418
5000,2,216.8607596
6000,2,348.2069414
7000,2,586.0269759
100,4,0.0024341
200,4,0.0072357
400,4,0.0259036
1000,4,0.4117572
800,4,0.2233787
1200,4,1.3328647
1400,4,3.3595422
1600,4,5.0131636
2000,4,11.8752155
2600,4,39.1276307
3000,4,60.3673914
3600,4,90.2040479
4000,4,113.4388489
5000,4,179.4105637
6000,4,261.2311159
7000,4,377.2153064
100,8,0.0043102
200,8,0.004384
400,8,0.0194881
800,8,0.1308166
1000,8,0.2339514
1200,8,0.4059591
1600,8,4.2179737
1400,8,3.9358681
2000,8,9.73809
2600,8,25.9295277
3000,8,42.0611274
3600,8,74.9679868
4000,8,100.9207773
5000,8,188.3573095
6000,8,252.4379674
7000,8,310.2231686
100,10,0.0052671
200,10,0.0068172
1200,10,0.4262014
400,10,0.3829826
1000,10,0.6925388
800,10,1.7085185
1400,10,3.2135314
1600,10,5.4711903
2000,10,10.182818
2600,10,24.8176191
3000,10,47.9778233
3600,10,85.4398514
4000,10,111.1582573
5000,10,188.7544534
6000,10,248.4725441
7000,10,294.5442058
100,16,0.0033102
200,16,0.0045881
800,16,0.1085101
1000,16,0.1507112
400,16,0.0162872
1600,16,1.1009846
1400,16,4.2408707
1200,16,4.360088
2000,16,13.9701353
2600,16,28.3886391
3000,16,43.8354521
3600,16,80.6314392
4000,16,106.157723
5000,16,177.8046429
6000,16,241.7709838
7000,16,283.1434201
100,2,0.0021034
200,2,0.0065295
400,2,0.0508963
800,2,0.3960467
1000,2,0.7807991
1200,2,1.7439735
1400,2,3.0459555
1600,2,4.9780616
2000,2,13.5942706
2600,2,37.5018435
3000,2,56.2512933
3600,2,94.504935
4000,2,122.6938312
5000,2,220.5481608
6000,2,352.8688452
7000,2,585.4259429
100,1,0.0013179
200,1,0.0107498
400,1,0.0907265
800,1,0.7910824
1000,1,1.619123
1200,1,3.092858
1400,1,5.009992
1600,1,8.0686613
2000,1,16.64913
2600,1,49.6468342
3000,1,81.0396417
3600,1,134.3814245
4000,1,176.3764452
5000,1,364.1009678
6000,1,634.6339468
7000,1,1129.601961
100,2,0.0013619
200,2,0.0076168
400,2,0.0761853
1000,2,0.8773294
800,2,0.6054524
1200,2,1.7936595
1400,2,2.9602834
1600,2,5.3062869
2000,2,12.4647526
2600,2,36.289059
3000,2,55.1873217
3600,2,93.646177
4000,2,120.296047
5000,2,235.9760491
6000,2,373.5520519
7000,2,619.4689128
100,4,0.001578
200,4,0.0033328
400,4,0.0258163
800,4,0.1993179
1000,4,0.3841173
1200,4,0.9881848
1400,4,2.2669558
1600,4,4.7102024
2000,4,6.6867833
2600,4,40.3444758
3000,4,64.3406632
3600,4,103.8912053
4000,4,123.3349912
5000,4,194.99405
6000,4,283.9275981
7000,4,388.576985
100,8,0.0020523
200,8,0.0045489
400,8,0.0140661
1000,8,0.2052163
800,8,0.1377571
1200,8,0.4233773
1400,8,1.8891081
1600,8,4.5483717
2000,8,12.9016533
2600,8,34.8692983
3000,8,57.4234854
3600,8,85.8343799
4000,8,112.973147
5000,8,198.2443984
6000,8,255.6700247
7000,8,318.0719109
100,10,0.0027031
200,10,0.003886
400,10,0.012144
800,10,0.086488
1000,10,0.2286325
1200,10,0.4392776
1400,10,0.8525362
1600,10,2.7932577
2000,10,10.7298166
2600,10,29.9903543
3000,10,48.8179846
3600,10,87.366582
4000,10,108.5695455
5000,10,178.7627486
6000,10,251.3989009
7000,10,310.3542443
100,16,0.003375
200,16,0.0046476
400,16,0.0124144
800,16,0.087272
1000,16,0.165538
1400,16,0.6044806
1600,16,3.082415
1200,16,7.2010058
2000,16,9.9470933
2600,16,28.9231986
3000,16,55.9007421
3600,16,94.4569867
4000,16,121.8567435
5000,16,188.6895462
6000,16,253.7157736
7000,16,298.7929362
100,1,0.00135
200,1,0.0123456
400,1,0.0955387
600,1,0.327416
800,1,0.7555744
100,1,0.0013193
200,1,0.011057
400,1,0.0954128
600,1,0.3328295
800,1,0.7986864
1000,1,1.5363695
1200,1,2.7209493
1400,1,4.4784603
1600,1,6.5032324
2000,1,13.0943764
100,1,0.0013576
200,1,0.0112695
400,1,0.0968125
600,1,0.3371657
800,1,0.8068597
1000,1,1.5063475
1200,1,2.6220003
1400,1,4.2611488
100,2,0.0014815
200,2,0.0063646
400,2,0.049458
600,2,0.1673072
800,2,0.4068141
1000,2,0.7746111
1200,2,1.3156751
1400,2,2.0925158
100,4,0.0020778
200,4,0.004299
400,4,0.0256126
600,4,0.0927933
800,4,0.230837
1000,4,0.4427493
1200,4,0.7278613
1400,4,1.0979626
100,8,0.0038443
200,8,0.0043228
400,8,0.0189258
600,8,0.0510147
800,8,0.1365007
1000,8,0.2529892
1200,8,0.5089725
1400,8,0.7324772
100,10,0.0023395
200,10,0.0033128
400,10,0.0118439
600,10,0.0374542
800,10,0.1038219
1000,10,0.2945635
1200,10,0.5019302
1400,10,0.7321949
100,16,0.0026068
200,16,0.0036918
400,16,0.0129319
600,16,0.0792246
800,16,0.139306
1000,16,0.3531804
1200,16,0.5541256
1400,16,0.6942766
100,2,0.0014049
200,2,0.0061229
400,2,0.0477817
600,2,0.1738006
800,2,0.4252343
1000,2,0.8018457
1200,2,1.4440972
1400,2,2.4274829
1600,2,3.5592664
2000,2,6.5397477
100,1,0.0012369
200,1,0.0108792
400,1,0.0937293
600,1,0.3253865
800,1,0.7796394
1000,1,1.4826631
1200,1,2.5351951
1400,1,4.0217205
100,2,0.0015704
200,2,0.0063993
400,2,0.0505536
600,2,0.1693487
800,2,0.4104563
1000,2,0.7881436
1200,2,1.3228646
1400,2,2.0776072
100,4,0.0010002
200,4,0.0039865
400,4,0.0248621
600,4,0.0873384
800,4,0.2559996
1000,4,0.4626012
1200,4,0.7320949
1400,4,1.1158935
100,8,0.0021921
200,8,0.0031657
400,8,0.0141926
600,8,0.0577594
800,8,0.156915
1000,8,0.3116014
1200,8,0.6157286
1400,8,0.7692819
100,10,0.0021687
200,10,0.003272
400,10,0.0123701
600,10,0.0374142
800,10,0.1086033
1000,10,0.3410698
1200,10,0.5558562
1400,10,0.7790791
100,16,0.004101
200,16,0.0044457
400,16,0.0099648
600,16,0.0482475
800,16,0.1178737
1000,16,0.3103706
1200,16,0.537205
1400,16,0.703003
100,4,0.0013193
200,4,0.0033195
400,4,0.0245279
600,4,0.085258
800,4,0.2515812
1000,4,0.541343
1200,4,0.8940884
1400,4,1.5576807
1600,4,2.4917125
2000,4,4.1171584
100,1,0.0013692
200,1,0.0108453
400,1,0.0953937
600,1,0.3379937
800,1,0.7817073
1000,1,1.4931337
1200,1,2.5550936
1400,1,4.0523026
100,2,0.0009615
200,2,0.0117249
400,2,0.0478122
600,2,0.1741016
800,2,0.4122846
1000,2,0.7747724
1200,2,1.3158093
1400,2,2.0742329
100,4,0.0013785
200,4,0.0039668
400,4,0.0265523
600,4,0.0869223
800,4,0.2395183
1000,4,0.4349275
1200,4,0.7260556
1400,4,1.1065339
100,8,0.0021026
200,8,0.0029098
400,8,0.0131229
600,8,0.0458934
800,8,0.1303101
1000,8,0.3046473
1200,8,0.5690643
1400,8,0.7447195
100,10,0.0023079
200,10,0.0029271
400,10,0.0113946
600,10,0.0429213
800,10,0.1310018
1000,10,0.3497909
1200,10,0.5358027
1400,10,0.7667239
100,16,0.0043135
200,16,0.0043848
600,16,0.0473305
400,16,0.0863016
800,16,0.1526342
1000,16,0.3153506
1200,16,0.6281475
1400,16,0.7139536
100,8,0.0022378
200,8,0.0031228
400,8,0.0205584
600,8,0.0505792
800,8,0.1062976
1000,8,0.3007991
1200,8,0.5946147
1400,8,1.4938116
1600,8,2.1512384
2000,8,3.2003013
100,1,0.0013468
200,1,0.0114611
400,1,0.0965444
600,1,0.3344296
800,1,0.7883416
1000,1,1.4927126
1200,1,2.5542111
1400,1,4.2284735
100,2,0.0009738
200,2,0.0063854
400,2,0.0481204
600,2,0.1691047
800,2,0.405705
1000,2,0.7682653
1200,2,1.3195308
1400,2,2.0536905
100,4,0.0015815
200,4,0.0035801
400,4,0.0251052
600,4,0.0889418
800,4,0.2237462
1000,4,0.4251817
1200,4,0.7015585
1400,4,1.0874218
100,8,0.0024161
200,8,0.0048415
400,8,0.0159556
600,8,0.0452728
800,8,0.1348276
1000,8,0.2634762
1200,8,0.4502813
1400,8,0.7047593
100,10,0.0024621
200,10,0.0039061
400,10,0.0140975
600,10,0.0380968
800,10,0.1036614
1000,10,0.2532137
1200,10,0.4599072
1400,10,0.6394374
100,16,0.0033661
200,16,0.0034591
400,16,0.0120364
600,16,0.0431158
800,16,0.088433
1000,16,0.2354792
1200,16,0.5947958
1400,16,0.7158185
100,10,0.002361
400,10,0.0155075
200,10,0.0043643
600,10,0.0376934
800,10,0.2358321
1400,10,0.7519221
1000,10,0.9963411
1200,10,1.2326031
1600,10,2.3007553
2000,10,3.2351155
100,1,0.0012876
200,1,0.0114255
400,1,0.0968927
600,1,0.3344416
800,1,0.8052426
1000,1,1.5259124
1200,1,2.6560785
1400,1,4.2431192
100,2,0.0016976
200,2,0.0060462
400,2,0.0487885
600,2,0.1753837
800,2,0.3866212
1000,2,0.7528915
1200,2,1.3079493
1400,2,2.0176014
100,4,0.0014875
200,4,0.0035478
400,4,0.0267304
600,4,0.1045687
800,4,0.2351711
1000,4,0.4364151
1200,4,0.7209727
1400,4,1.0754789
100,8,0.0023705
200,8,0.0034271
400,8,0.0141677
600,8,0.045958
800,8,0.1253518
1000,8,0.3065571
1200,8,0.6131604
1400,8,0.7730321
100,10,0.0024161
200,10,0.0030688
400,10,0.0124029
600,10,0.0385727
800,10,0.1044193
1000,10,0.3007129
1200,10,0.5997213
1400,10,0.7804517
100,16,0.0044163
200,16,0.0037937
400,16,0.0124218
600,16,0.0450952
800,16,0.1028652
1000,16,0.4047891
1200,16,0.489671
1400,16,0.571008
100,16,0.0034477
200,16,0.003753
400,16,0.010808
600,16,0.0459702
800,16,0.0917012
1000,16,0.2101834
1200,16,0.9764861
1400,16,1.2050344
1600,16,2.6296723
2000,16,2.9883164
100,1,0.0013484
200,1,0.0112245
400,1,0.0952699
600,1,0.3368151
800,1,0.7793992
1000,1,1.5009187
1200,1,2.5683004
1400,1,4.1182259
100,2,0.0011806
200,2,0.0062653
400,2,0.0496386
600,2,0.1729489
800,2,0.39182
1000,2,0.7509324
1200,2,1.3065797
1400,2,2.0530932
100,4,0.0012924
200,4,0.0035002
400,4,0.0249156
600,4,0.0950944
800,4,0.2531804
1000,4,0.4275395
1200,4,0.6977674
1400,4,1.057591
100,8,0.0023912
200,8,0.0035862
400,8,0.0140034
600,8,0.0452232
800,8,0.1208258
1000,8,0.3001052
1200,8,0.5896437
1400,8,0.7975303
100,10,0.0023277
200,10,0.0032545
400,10,0.0117687
600,10,0.0422916
800,10,0.1220154
1000,10,0.3482197
1200,10,0.6305012
1400,10,0.7891912
100,16,0.0034851
200,16,0.0051716
400,16,0.0195239
600,16,0.0486081
800,16,0.1295007
1000,16,0.5254858
1200,16,0.5589513
1400,16,0.7327123
100,2,0.0013668
200,2,0.0060157
400,2,0.0489857
600,2,0.1643613
800,2,0.3801492
100,1,0.0014366
200,1,0.0113122
400,1,0.0957263
600,1,0.3323369
800,1,0.795358
1000,1,1.5139231
1200,1,2.6890223
1400,1,4.5661844
1600,1,6.4993204
2000,1,12.6518987
100,1,0.0013114
200,1,0.0108777
400,1,0.0996743
600,1,0.3349047
800,1,0.7826727
1000,1,1.5110551
1200,1,2.6131146
1400,1,4.1712502
100,2,0.0016393
200,2,0.0057914
400,2,0.046792
600,2,0.16716
800,2,0.3926728
1000,2,0.7547861
1200,2,1.2933103
1400,2,2.0264429
100,4,0.0012131
200,4,0.0034068
400,4,0.0252794
600,4,0.0904884
800,4,0.2343908
1000,4,0.4250709
1200,4,0.7091651
1400,4,1.0875948
100,8,0.0023247
200,8,0.0033139
400,8,0.0159068
600,8,0.0478119
800,8,0.1328259
1000,8,0.3030703
1200,8,0.4692562
1400,8,0.7815404
100,10,0.0030262
200,10,0.002895
400,10,0.0243959
800,10,0.0856599
600,10,0.0392164
1200,10,0.4412574
1000,10,0.5556487
1400,10,0.7362838
100,16,0.0027521
200,16,0.0038993
400,16,0.0116756
600,16,0.0430399
800,16,0.0929922
1000,16,0.207591
1200,16,0.596364
1400,16,0.7046563
100,2,0.0011221
200,2,0.0061683
400,2,0.0468847
600,2,0.1671242
800,2,0.4469615
1000,2,0.8264721
1200,2,1.4269904
1400,2,2.2721689
1600,2,3.449195
2000,2,6.4087284
100,1,0.0014114
200,1,0.0109769
400,1,0.0948567
600,1,0.3325402
800,1,0.7766229
1000,1,1.4760519
1200,1,2.5515528
1400,1,4.0652308
100,2,0.0013283
200,2,0.0061244
400,2,0.0478773
600,2,0.1691734
800,2,0.4001525
1000,2,0.7552739
1200,2,1.3009375
1400,2,2.0282841
100,4,0.00201
200,4,0.0034838
400,4,0.02495
600,4,0.0864283
800,4,0.2326678
1000,4,0.4377542
1200,4,0.7024602
1400,4,1.0762192
100,8,0.0015146
200,8,0.0028258
400,8,0.0140935
600,8,0.0531047
800,8,0.1548071
1000,8,0.3519105
1200,8,0.6577349
1400,8,0.770766
100,10,0.0024205
200,10,0.0032047
400,10,0.010932
600,10,0.0429489
800,10,0.1380955
1000,10,0.3365971
1200,10,0.5480856
1400,10,0.7047104
100,16,0.0027991
200,16,0.0043656
400,16,0.0134125
600,16,0.0476354
800,16,0.1264726
1000,16,0.4766571
1200,16,0.4941191
1400,16,0.6508773
100,4,0.0017544
200,4,0.003526
400,4,0.0265655
600,4,0.0869102
800,4,0.2815691
1000,4,0.5558181
1200,4,0.9427643
1400,4,1.5825354
1600,4,2.3245016
2000,4,3.7809188
100,1,0.0012956
200,1,0.0109526
400,1,0.0868502
600,1,0.3285826
800,1,0.7854343
1000,1,1.4958456
1200,1,2.579698
1400,1,4.0915443
100,2,0.0017227
200,2,0.0061543
400,2,0.0480453
600,2,0.1688555
800,2,0.402637
1000,2,0.7651606
1200,2,1.3082835
1400,2,2.026788
100,4,0.0014577
200,4,0.0092511
400,4,0.0284719
600,4,0.0882281
800,4,0.2408698
1000,4,0.4198293
1200,4,0.6991135
1400,4,1.067129
100,8,0.002021
200,8,0.0037355
400,8,0.0144189
600,8,0.0452896
800,8,0.1224635
1000,8,0.280257
1200,8,0.492148
1400,8,0.7396882
100,10,0.0018834
200,10,0.0028285
400,10,0.0120017
600,10,0.0423256
800,10,0.1349502
1000,10,0.27577
1200,10,0.5002677
1400,10,0.6952744
100,16,0.008674
200,16,0.0060078
400,16,0.0114245
600,16,0.0456399
800,16,0.1022463
1000,16,0.4173539
1200,16,0.5480472
1400,16,0.7550263
100,8,0.0033251
200,8,0.0034753
400,8,0.0138538
600,8,0.0443804
800,8,0.1363807
1000,8,0.3124333
1200,8,0.7544035
1400,8,1.3017582
1600,8,2.2655454
2000,8,3.0745035
100,1,0.0013431
200,1,0.0114001
400,1,0.0945955
600,1,0.3285698
800,1,0.7611542
1000,1,1.4782878
1200,1,2.5172299
1400,1,4.0752947
100,2,0.0017214
200,2,0.0060484
400,2,0.0504417
600,2,0.1548963
800,2,0.3897204
1000,2,0.7774674
1200,2,1.3161418
1400,2,2.0724202
100,4,0.0014727
200,4,0.0044975
400,4,0.0250255
600,4,0.0969598
800,4,0.2251304
1000,4,0.4232066
1200,4,0.7217782
1400,4,1.0885725
100,8,0.0025362
200,8,0.0035223
400,8,0.0156726
600,8,0.0455006
800,8,0.1185862
1000,8,0.2968954
1200,8,0.4663991
1400,8,0.7527262
100,10,0.0023335
200,10,0.0051842
400,10,0.0124557
600,10,0.0381503
800,10,0.1062576
1000,10,0.315198
1200,10,0.5233882
1400,10,0.7444073
100,16,0.003638
200,16,0.0045249
400,16,0.0134203
600,16,0.0475854
800,16,0.1275493
1000,16,0.3618224
1200,16,0.5645003
1400,16,0.7019155
100,10,0.0025342
200,10,0.0028225
400,10,0.0149224
600,10,0.0377008
800,10,0.0843709
1000,10,0.2599383
1200,10,0.6719706
1400,10,1.4977993
1600,10,2.3563658
2000,10,3.2608334
100,1,0.0013537
200,1,0.0113622
400,1,0.0946473
600,1,0.3340322
800,1,0.8099709
1000,1,1.5478326
1200,1,2.7005394
1400,1,4.4951799
100,2,0.0013674
200,2,0.0059018
400,2,0.0507579
600,2,0.170615
800,2,0.4083757
1000,2,0.7794987
1200,2,1.3354149
1400,2,2.101845
100,4,0.0014394
200,4,0.003312
400,4,0.025573
600,4,0.088473
800,4,0.240301
1000,4,0.4136274
1200,4,0.7155816
1400,4,1.074016
100,8,0.0023004
200,8,0.0027394
400,8,0.013804
600,8,0.0561892
800,8,0.1476452
1000,8,0.3409164
1200,8,0.4831681
1400,8,0.7889786
100,10,0.0027993
200,10,0.003952
400,10,0.0124817
600,10,0.040549
800,10,0.1128497
1000,10,0.2774785
1200,10,0.5855226
1400,10,0.7876504
100,16,0.002463
200,16,0.0044805
400,16,0.011114
600,16,0.0450291
800,16,0.1056178
1000,16,0.4611418
1200,16,0.5728563
1400,16,0.7099388
100,16,0.0045911
200,16,0.0048261
400,16,0.0113364
600,16,0.0441301
800,16,0.0979394
1000,16,0.1610919
1200,16,0.9545366
1400,16,1.1456136
1600,16,2.463977
2000,16,2.9810447
100,1,0.0013495
200,1,0.0114046
400,1,0.0973172
600,1,0.3338392
800,1,0.7816933
1000,1,1.4837557
1200,1,2.5754728
1400,1,4.1076368
100,2,0.0028373
200,2,0.0061854
400,2,0.0499052
600,2,0.1719367
800,2,0.3967039
1000,2,0.7588791
1200,2,1.3287832
1400,2,2.0434273
100,4,0.0016294
200,4,0.0034359
400,4,0.0252669
600,4,0.0906763
800,4,0.2184299
1000,4,0.41311
1200,4,0.7126566
1400,4,1.1057916
100,8,0.0022923
200,8,0.0034137
400,8,0.018615
600,8,0.0446941
800,8,0.1293733
1000,8,0.2956279
1200,8,0.6130783
1400,8,0.7620817
100,10,0.0024241
200,10,0.0028398
400,10,0.0166925
600,10,0.0397067
1000,10,0.4515445
800,10,0.5663903
1400,10,0.7108853
1200,10,0.7449529
100,16,0.0036321
200,16,0.0042467
400,16,0.0113473
600,16,0.0464052
1200,16,0.3191367
800,16,0.4785581
1000,16,0.5572816
1400,16,0.6695437
100,4,0.0013566
200,4,0.0034149
400,4,0.025968
600,4,0.0886119
800,4,0.2028099
100,1,0.0014213
200,1,0.0112458
400,1,0.0954687
600,1,0.3416985
800,1,0.8112332
1000,1,1.5790003
1200,1,2.7090557
1400,1,4.501047
1600,1,6.5184734
2000,1,12.4748385
100,1,0.001288
200,1,0.0109946
400,1,0.0930573
600,1,0.3379147
800,1,0.7893895
1000,1,1.484085
1200,1,2.5717723
1400,1,4.1268496
100,2,0.0012615
200,2,0.0063589
400,2,0.0466367
600,2,0.1766262
800,2,0.3977334
1000,2,0.7779936
1200,2,1.3281836
1400,2,2.0526134
100,4,0.0021204
200,4,0.0035447
400,4,0.0249618
600,4,0.0852123
800,4,0.2306974
1000,4,0.4433289
1200,4,0.7088095
1400,4,1.1066294
100,8,0.0017647
200,8,0.002888
400,8,0.0171625
600,8,0.0492595
800,8,0.1477504
1000,8,0.2771874
1200,8,0.4773012
1400,8,0.699336
100,10,0.0016616
200,10,0.0030756
400,10,0.0117663
600,10,0.0425594
800,10,0.1270162
1000,10,0.2716831
1200,10,0.4987098
1400,10,0.7332627
100,16,0.0033859
200,16,0.0032451
400,16,0.0112351
600,16,0.0433441
800,16,0.0989095
1000,16,0.5071434
1200,16,0.6017748
1400,16,0.718417
100,2,0.0010645
200,2,0.0062302
400,2,0.048429
600,2,0.1715614
800,2,0.4080777
1000,2,0.8234882
1200,2,1.4084891
1400,2,2.3720358
1600,2,3.5379734
2000,2,6.5811525
100,1,0.001345
200,1,0.0112772
400,1,0.0927485
600,1,0.3339776
800,1,0.7849558
1000,1,1.5097394
1200,1,2.5530176
1400,1,4.1018984
100,2,0.0012748
200,2,0.0059966
400,2,0.0473166
600,2,0.1888382
800,2,0.4180624
1000,2,0.7793124
1200,2,1.3328517
1400,2,2.0821487
100,4,0.0015229
200,4,0.0035815
400,4,0.026121
600,4,0.0931277
800,4,0.2218031
1000,4,0.4331179
1200,4,0.7070838
1400,4,1.0763215
100,8,0.0022245
200,8,0.0036551
400,8,0.0144111
600,8,0.0440755
800,8,0.1261085
1000,8,0.2852323
1200,8,0.5795689
1400,8,0.7567806
100,10,0.0041472
200,10,0.0031231
400,10,0.0119761
600,10,0.0370255
800,10,0.1056293
1000,10,0.3220149
1200,10,0.5657865
1400,10,0.7730595
100,16,0.0050794
200,16,0.00433
400,16,0.0103796
600,16,0.0444083
800,16,0.1062277
1400,16,0.4641407
1000,16,0.6003025
1200,16,0.6426421
100,4,0.0013613
200,4,0.0033356
400,4,0.0249561
600,4,0.0847986
800,4,0.2180657
1000,4,0.5389676
1200,4,0.8821629
1400,4,1.50556
1600,4,2.295917
2000,4,3.8814498
100,1,0.0011329
200,1,0.0113014
400,1,0.0952493
600,1,0.3413817
800,1,0.7928045
1000,1,1.4973432
1200,1,2.5642626
1400,1,4.0756457
100,2,0.0013383
200,2,0.0124294
400,2,0.0475716
600,2,0.1697807
800,2,0.3934535
1000,2,0.7705746
1200,2,1.3013544
1400,2,2.067856
100,4,0.0015325
200,4,0.0064368
400,4,0.0257823
600,4,0.0866983
800,4,0.2323891
1000,4,0.4132943
1200,4,0.7091324
1400,4,1.0826437
100,8,0.0021895
200,8,0.0034361
400,8,0.0180226
600,8,0.0459048
800,8,0.1438161
1000,8,0.2655179
1200,8,0.5770856
1400,8,0.7333919
100,10,0.0023456
200,10,0.00326
400,10,0.0129222
600,10,0.0411587
800,10,0.121916
1000,10,0.2635022
1200,10,0.5242529
1400,10,0.7553455
100,16,0.0045453
200,16,0.0050117
400,16,0.0253627
600,16,0.0452594
800,16,0.0934084
1000,16,0.1786354
1200,16,0.7130298
1400,16,0.7124864
100,8,0.0024642
200,8,0.0023202
400,8,0.0141771
600,8,0.0467845
1000,8,0.3325688
800,8,0.6074004
1400,8,0.8780096
1200,8,0.8608087
1600,8,2.1505122
2000,8,3.0401504
100,1,0.0012917
200,1,0.0113815
400,1,0.0939259
600,1,0.3312855
800,1,0.7800612
1000,1,1.5173948
1200,1,2.5971757
1400,1,4.1192747
100,2,0.001302
200,2,0.0057671
400,2,0.0476412
600,2,0.1675944
800,2,0.391697
1000,2,0.7585734
1200,2,1.2911143
1400,2,2.0452397
100,4,0.0016299
200,4,0.0033924
400,4,0.0248445
600,4,0.0874705
800,4,0.2267318
1000,4,0.4311656
1200,4,0.689598
1400,4,1.0868077
100,8,0.0023579
200,8,0.0041323
400,8,0.015826
600,8,0.0471911
1000,8,0.3266562
800,8,0.5007397
1400,8,0.743025
1200,8,0.7324861
100,10,0.0031666
200,10,0.0043426
400,10,0.0127362
600,10,0.0405118
800,10,0.1272242
1200,10,0.4651896
1000,10,0.4502784
1400,10,0.6892844
100,16,0.0034405
200,16,0.0033852
800,16,0.0951166
600,16,0.0442695
400,16,0.0133064
1000,16,0.2493221
1200,16,0.6363002
1400,16,0.6723875
100,10,0.0027459
200,10,0.0030172
400,10,0.0123056
600,10,0.0462418
800,10,0.1107712
1000,10,0.5757774
1400,10,0.7459512
1200,10,0.9794291
1600,10,2.3283022
2000,10,3.2000434
100,1,0.0012902
200,1,0.0111815
400,1,0.0939006
600,1,0.3334292
800,1,0.7898505
1000,1,1.5128228
1200,1,2.5952249
1400,1,4.1165388
100,2,0.0014939
200,2,0.0059039
400,2,0.0487964
600,2,0.1655934
800,2,0.4025218
1000,2,0.7739266
1200,2,1.3115182
1400,2,2.0335293
100,4,0.0014634
200,4,0.0035822
400,4,0.0261446
600,4,0.095971
800,4,0.2718303
1000,4,0.4177038
1200,4,0.749532
1400,4,1.0969975
100,8,0.0025549
200,8,0.0032134
400,8,0.013264
600,8,0.0443618
800,8,0.1385308
1000,8,0.3250789
1200,8,0.5564842
1400,8,0.7685758
100,10,0.0023935
200,10,0.0029685
400,10,0.0121852
600,10,0.0382431
800,10,0.1039482
1000,10,0.2926247
1200,10,0.4605148
1400,10,0.7379375
100,16,0.0040831
200,16,0.0044915
400,16,0.015378
600,16,0.0483519
800,16,0.1289172
1000,16,0.4646643
1200,16,0.6119184
1400,16,0.7492879
100,16,0.0031665
200,16,0.0030177
400,16,0.0137764
600,16,0.0438066
800,16,0.0927859
1000,16,0.2072388
1200,16,0.9451034
1400,16,1.3104527
1600,16,2.5731208
2000,16,3.0876323
100,1,0.0012841
200,1,0.0110994
400,1,0.0959823
600,1,0.3348087
800,1,0.7716362
1000,1,1.4859601
1200,1,2.5706528
1400,1,4.1034334
100,2,0.0011518
200,2,0.0061029
400,2,0.0498515
600,2,0.1722417
800,2,0.3990001
1000,2,0.7634826
1200,2,1.2991063
1400,2,2.0241978
100,4,0.0015769
200,4,0.0037073
400,4,0.0252768
600,4,0.0876373
800,4,0.2433505
1000,4,0.4144847
1200,4,0.7159658
1400,4,1.0836272
100,8,0.0021674
200,8,0.0035448
400,8,0.0153229
600,8,0.0514133
800,8,0.1435649
1000,8,0.2914343
1200,8,0.6392762
1400,8,0.7787135
100,10,0.0026979
200,10,0.0030122
400,10,0.0150709
600,10,0.0409447
800,10,0.1062476
1000,10,0.3547032
1200,10,0.5428333
1400,10,0.7389381
100,16,0.0030024
200,16,0.0039071
400,16,0.0128546
600,16,0.0465413
800,16,0.0940401
1400,16,0.472451
1000,16,0.6427793
1200,16,0.7049719
100,8,0.0023333
200,8,0.0033783
400,8,0.0236452
600,8,0.0503862
800,8,0.1125785
100,1,0.0013897
200,1,0.0113035
400,1,0.0969573
600,1,0.3338066
800,1,0.7863812
1000,1,1.5268745
1200,1,2.7114276
1400,1,4.4681358
1600,1,6.4543308
2000,1,12.8073216
100,1,0.0013688
200,1,0.0112593
400,1,0.0942691
600,1,0.3277691
800,1,0.7914989
1000,1,1.4973976
1200,1,2.6173418
1400,1,4.2634736
100,2,0.0012021
200,2,0.0056608
400,2,0.0480984
600,2,0.1745983
800,2,0.4113974
1000,2,0.7556288
1200,2,1.3207889
1400,2,2.0287092
100,4,0.0016915
200,4,0.0033669
400,4,0.0251511
600,4,0.0905741
800,4,0.227012
1000,4,0.43362
1200,4,0.7074271
1400,4,1.0755363
100,8,0.0019635
200,8,0.0025391
400,8,0.0135545
600,8,0.0443557
800,8,0.1239433
1000,8,0.2794796
1200,8,0.4995961
1400,8,0.7357477
100,10,0.0022785
200,10,0.0027889
400,10,0.0111643
600,10,0.0648455
800,10,0.1559524
1200,10,0.4685829
1000,10,0.4585217
1400,10,0.7144921
100,16,0.0033853
200,16,0.003712
400,16,0.0112474
600,16,0.0432937
800,16,0.0891142
1000,16,0.2168843
1200,16,0.5742165
1400,16,0.6878126
100,2,0.0012336
200,2,0.0060148
400,2,0.0481049
600,2,0.164806
800,2,0.4108838
1000,2,0.8317437
1200,2,1.4390969
1400,2,2.3948494
1600,2,3.5004213
2000,2,6.6616979
100,1,0.0013814
200,1,0.0111376
400,1,0.0957199
600,1,0.3394903
800,1,0.7855683
1000,1,1.5458489
1200,1,2.6542491
1400,1,4.3761086
100,2,0.0010734
200,2,0.0070992
400,2,0.0488104
600,2,0.1725881
800,2,0.4068339
1000,2,0.7863866
1200,2,1.3169319
1400,2,2.0928742
100,4,0.0014908
200,4,0.0033425
400,4,0.0251434
600,4,0.0891437
800,4,0.2356293
1000,4,0.463299
1200,4,0.7167881
1400,4,1.1190343
100,8,0.0019953
200,8,0.003123
400,8,0.0149559
600,8,0.0473399
800,8,0.1434095
1000,8,0.3042828
1200,8,0.4763152
1400,8,0.7194946
100,10,0.0027768
200,10,0.0031203
400,10,0.0120938
600,10,0.037349
800,10,0.1022935
1000,10,0.2900672
1200,10,0.5008639
1400,10,0.7568896
100,16,0.0027973
200,16,0.0040034
400,16,0.0130866
600,16,0.0445044
800,16,0.120393
1000,16,0.3937541
1200,16,0.606265
1400,16,0.7091403
100,4,0.0012224
200,4,0.0035978
400,4,0.0244502
600,4,0.0885056
800,4,0.2708547
1000,4,0.5492516
1200,4,0.9861475
1400,4,1.4944362
1600,4,2.4408703
2000,4,3.8373053
100,1,0.0015604
200,1,0.0112324
400,1,0.1000804
600,1,0.3322905
800,1,0.7850533
1000,1,1.4856564
1200,1,2.5688146
1400,1,4.067779
100,2,0.0013073
200,2,0.006502
400,2,0.0498528
600,2,0.1662519
800,2,0.3908023
1000,2,0.7540267
1200,2,1.3003056
1400,2,2.0133201
100,4,0.0014953
200,4,0.0033763
400,4,0.0243434
600,4,0.0883241
800,4,0.2525448
1000,4,0.4533692
1200,4,0.7254848
1400,4,1.1048654
100,8,0.0023677
200,8,0.0026469
400,8,0.0136477
600,8,0.0462911
800,8,0.1304897
1000,8,0.2659841
1200,8,0.5202043
1400,8,0.7328263
100,10,0.0026119
200,10,0.0038078
400,10,0.0126577
600,10,0.0423149
800,10,0.1603979
1000,10,0.2843834
1200,10,0.5741709
1400,10,0.6906271
100,16,0.0036252
200,16,0.0039487
400,16,0.011416
600,16,0.0494309
800,16,0.0992473
1000,16,0.4698249
1200,16,0.5136277
1400,16,0.7334166
100,8,0.001804
200,8,0.0025185
400,8,0.0131782
600,8,0.054576
800,8,0.1537401
1000,8,0.3558832
1200,8,0.689446
1400,8,1.4190334
1600,8,2.2009527
2000,8,3.0654361
100,1,0.001333
200,1,0.0112012
400,1,0.0976097
600,1,0.332253
800,1,0.7803596
1000,1,1.4711285
1200,1,2.5706047
1400,1,4.0602148
100,2,0.0012456
200,2,0.0060449
400,2,0.0478631
600,2,0.1705549
800,2,0.3943011
1000,2,0.7599331
1200,2,1.3058776
1400,2,2.0515826
100,4,0.0015234
200,4,0.0035634
400,4,0.0258388
600,4,0.0936528
800,4,0.2355241
1000,4,0.4328785
1200,4,0.7396799
1400,4,1.0955066
100,8,0.001846
200,8,0.0031584
400,8,0.0159382
800,8,0.1453246
600,8,0.2550604
1000,8,0.2938168
1200,8,0.591804
1400,8,0.7381263
100,10,0.0029541
200,10,0.0037052
400,10,0.0119467
600,10,0.0376979
800,10,0.1058088
1000,10,0.2886141
1200,10,0.5519022
1400,10,0.7198076
100,16,0.0031484
200,16,0.003803
400,16,0.0189969
600,16,0.0452173
800,16,0.1010924
1000,16,0.4833796
1200,16,0.6298811
1400,16,0.744661
100,10,0.0026482
200,10,0.003118
400,10,0.0127504
600,10,0.0379157
800,10,0.0865038
1000,10,0.2139937
1200,10,0.6179793
1400,10,1.5706228
1600,10,2.1861224
2000,10,3.0630461
100,1,0.0015054
200,1,0.0115363
400,1,0.094976
600,1,0.3408117
800,1,0.7987795
1000,1,1.5052616
1200,1,2.6243966
1400,1,4.2876205
100,2,0.0012537
200,2,0.0060447
400,2,0.0488681
600,2,0.1714188
800,2,0.4037746
1000,2,0.7694481
1200,2,1.3039503
1400,2,1.9967626
100,4,0.0014316
200,4,0.0033968
400,4,0.0258511
600,4,0.092549
800,4,0.2111667
1000,4,0.4263338
1200,4,0.6971756
1400,4,1.1008534
100,8,0.0026331
200,8,0.0032016
400,8,0.0142274
600,8,0.0458293
800,8,0.1426199
1000,8,0.3088663
1200,8,0.640662
1400,8,0.8349346
100,10,0.0025085
200,10,0.0030457
400,10,0.0164721
600,10,0.0372909
800,10,0.1067003
1000,10,0.3497573
1200,10,0.6577882
1400,10,0.7511983
100,16,0.0041294
200,16,0.0039015
400,16,0.0333232
600,16,0.0468996
1000,16,0.1625355
1200,16,0.481051
800,16,0.3869274
1400,16,0.6257218
100,16,0.0046883
200,16,0.004891
400,16,0.0141371
600,16,0.0457795
800,16,0.1014111
1000,16,0.3891848
1200,16,0.8573305
1400,16,1.6614713
1600,16,2.5392815
2000,16,3.0729979
100,1,0.0013033
200,1,0.0109996
400,1,0.0972022
600,1,0.3420435
800,1,0.7933809
1000,1,1.5166989
1200,1,2.5919969
1400,1,4.2865312
100,2,0.001235
200,2,0.0059345
400,2,0.0489561
600,2,0.1678536
800,2,0.4029244
1000,2,0.771524
1200,2,1.3171036
1400,2,2.0845953
100,4,0.0012275
200,4,0.0035256
400,4,0.0247307
600,4,0.0953353
800,4,0.2424564
1000,4,0.4466375
1200,4,0.7222438
1400,4,1.0965126
100,8,0.0017986
200,8,0.0028712
400,8,0.012935
600,8,0.0575812
800,8,0.1641412
1000,8,0.3319831
1200,8,0.670092
1400,8,0.8312702
100,10,0.0022516
200,10,0.0033302
400,10,0.0127045
600,10,0.0392431
800,10,0.1215092
1000,10,0.3433224
1200,10,0.6408645
1400,10,0.8510819
100,16,0.0029444
200,16,0.0032708
400,16,0.0103952
600,16,0.0475356
800,16,0.1109272
1000,16,0.2343981
1200,16,0.6122222
1400,16,0.6862838
100,10,0.0020756
200,10,0.0027916
400,10,0.0121966
600,10,0.0445062
800,10,0.1079174
100,1,0.0013577
200,1,0.0112908
400,1,0.0961867
600,1,0.347603
800,1,0.8171195
1000,1,1.5916126
1200,1,2.820693
1400,1,4.6758546
1600,1,6.9276903
2000,1,13.2528185
100,1,0.0013401
200,1,0.0109164
400,1,0.092536
600,1,0.3343163
800,1,0.7812074
1000,1,1.5042489
1200,1,2.5853508
1400,1,4.1267618
100,2,0.0017131
200,2,0.0112777
400,2,0.0469644
600,2,0.1724906
800,2,0.4030049
1000,2,0.7760198
1200,2,1.3219154
1400,2,2.0423504
100,4,0.0014429
200,4,0.003646
400,4,0.0254415
600,4,0.0890798
800,4,0.2249472
1000,4,0.4323692
1200,4,0.7002069
1400,4,1.0769512
100,8,0.0018106
200,8,0.0042795
400,8,0.0156728
600,8,0.0513846
800,8,0.1555954
1000,8,0.2724104
1200,8,0.4747302
1400,8,0.7444035
100,10,0.0027949
200,10,0.0036496
400,10,0.0139986
600,10,0.0437027
800,10,0.1202226
1000,10,0.2666691
1200,10,0.4499833
1400,10,0.7466502
100,16,0.0053024
200,16,0.0049893
400,16,0.0111569
600,16,0.0433768
800,16,0.125615
1000,16,0.4591553
1200,16,0.5770873
1400,16,0.7047634
100,2,0.00106
200,2,0.0060287
400,2,0.0494145
600,2,0.1655562
800,2,0.4221973
1000,2,0.8253625
1200,2,1.4647855
1400,2,2.3318612
1600,2,3.5657484
2000,2,6.519088
100,1,0.0013469
200,1,0.0117122
400,1,0.095947
600,1,0.349804
800,1,0.8098955
1000,1,1.537778
1200,1,2.6198525
1400,1,4.2296974
100,2,0.0012456
200,2,0.0056885
400,2,0.0499214
600,2,0.1714587
800,2,0.4057419
1000,2,0.7689157
1200,2,1.3159615
1400,2,2.0633262
100,4,0.0016269
200,4,0.0036372
400,4,0.0246315
600,4,0.0854939
800,4,0.2211588
1000,4,0.4303068
1200,4,0.7013299
1400,4,1.0593033
100,8,0.0018624
200,8,0.0038581
400,8,0.0171912
600,8,0.0576058
800,8,0.1579157
1000,8,0.3295015
1200,8,0.5925593
1400,8,0.8166104
100,10,0.0028557
200,10,0.0036417
600,10,0.0462647
400,10,0.1176472
800,10,0.1535096
1000,10,0.3302605
1200,10,0.6243405
1400,10,0.796219
100,16,0.0026414
200,16,0.0040067
400,16,0.0119734
600,16,0.047058
800,16,0.133036
1000,16,0.3444538
1200,16,0.6069624
1400,16,0.7494958
100,4,0.0011626
200,4,0.005328
400,4,0.0249963
600,4,0.1286937
800,4,0.2356184
1000,4,0.5309394
1200,4,0.9765987
1400,4,1.6027586
1600,4,2.4197511
2000,4,3.808378
100,1,0.0013885
200,1,0.0108067
400,1,0.095665
600,1,0.3327628
800,1,0.7933407
1000,1,1.5067984
1200,1,2.5983646
1400,1,4.1530875
100,2,0.0014838
200,2,0.0127231
400,2,0.0537072
600,2,0.1789531
800,2,0.3939635
1000,2,0.7581808
1200,2,1.3022107
1400,2,2.054507
100,4,0.0014032
200,4,0.0045032
400,4,0.0252793
600,4,0.1012628
800,4,0.2460199
1000,4,0.4295958
1200,4,0.7161858
1400,4,1.0893568
100,8,0.0019625
200,8,0.0025218
400,8,0.01328
600,8,0.0453802
800,8,0.1332594
1000,8,0.2996857
1200,8,0.6359443
1400,8,0.808751
100,10,0.0023883
200,10,0.0028914
400,10,0.0119571
600,10,0.0374494
1000,10,0.4674074
1400,10,0.6742473
800,10,0.5953792
1200,10,0.7978418
100,16,0.0071378
200,16,0.0072513
1200,16,0.2510711
400,16,0.4454411
600,16,0.5123111
800,16,0.5457492
1000,16,0.5714968
1400,16,0.7259895
100,8,0.0018266
200,8,0.0029695
400,8,0.0208605
800,8,0.1025691
600,8,0.0446278
1200,8,0.6108941
1000,8,0.8972531
1400,8,1.1001407
1600,8,2.3423598
2000,8,3.2046282
100,1,0.0012996
200,1,0.0111791
400,1,0.0963247
600,1,0.3331019
800,1,0.7779042
1000,1,1.478744
1200,1,2.551756
1400,1,4.0917228
100,2,0.0012499
200,2,0.0064077
400,2,0.0472484
600,2,0.1725875
800,2,0.3945615
1000,2,0.7573767
1200,2,1.3033722
1400,2,2.0232799
100,4,0.0015621
200,4,0.0052843
400,4,0.0476854
600,4,0.0938253
800,4,0.2252737
1000,4,0.432916
1200,4,0.7040017
1400,4,1.0997495
100,8,0.002152
200,8,0.0048269
400,8,0.0138331
600,8,0.0484236
800,8,0.1412155
1000,8,0.3358208
1200,8,0.6436004
1400,8,0.7560583
100,10,0.0032735
200,10,0.0044719
400,10,0.0124967
600,10,0.0397026
800,10,0.1285055
1000,10,0.2868412
1200,10,0.5614381
1400,10,0.745224
100,16,0.0033832
200,16,0.0056205
400,16,0.0105932
600,16,0.0445203
800,16,0.1145995
1000,16,0.498064
1200,16,0.5988503
1400,16,0.7196149
100,10,0.0027088
200,10,0.0029473
400,10,0.0119313
600,10,0.0412259
800,10,0.0977631
1400,10,0.777916
1200,10,0.8790771
1000,10,1.0549146
1600,10,2.3860299
2000,10,2.8960408
100,1,0.0012888
200,1,0.011325
400,1,0.0947091
600,1,0.330126
800,1,0.7768185
1000,1,1.5004409
1200,1,2.5542872
1400,1,4.1158569
100,2,0.0012948
200,2,0.0061622
400,2,0.0478327
600,2,0.171125
800,2,0.3997034
1000,2,0.7639078
1200,2,1.3212663
1400,2,2.0423515
100,4,0.0015886
200,4,0.0036766
400,4,0.0282201
600,4,0.096369
800,4,0.2454026
1000,4,0.4466712
1200,4,0.7489094
1400,4,1.0959849
100,8,0.0025099
200,8,0.0024219
400,8,0.0148244
600,8,0.0457557
800,8,0.130622
1000,8,0.313176
1200,8,0.598042
1400,8,0.7812718
100,10,0.002317
200,10,0.0031693
400,10,0.0133132
600,10,0.0451315
800,10,0.1659131
1000,10,0.3906078
1200,10,0.6855563
1400,10,0.762596
100,16,0.0032171
200,16,0.0035335
400,16,0.008937
600,16,0.044751
800,16,0.113673
1000,16,0.5094924
1200,16,0.5529588
1400,16,0.7457123
100,16,0.0034244
200,16,0.0032033
400,16,0.0117572
600,16,0.0457087
800,16,0.1026512
1000,16,0.2529111
1200,16,0.8952117
1400,16,1.6200603
1600,16,2.6978677
2000,16,3.1229827
100,1,0.0013511
200,1,0.0116037
400,1,0.0951657
600,1,0.3315526
800,1,0.7864664
1000,1,1.5060305
1200,1,2.634373
1400,1,4.3178995
100,2,0.0013813
200,2,0.006166
400,2,0.0475667
600,2,0.1705624
800,2,0.3935773
1000,2,0.7643666
1200,2,1.2992713
1400,2,2.0227167
100,4,0.0019085
200,4,0.0036769
400,4,0.0243795
600,4,0.0856121
800,4,0.223935
1000,4,0.4417502
1200,4,0.716673
1400,4,1.1382283
100,8,0.0028722
200,8,0.0024424
400,8,0.0275511
800,8,0.1249613
600,8,0.0551085
1200,8,0.5212339
1000,8,0.6292763
1400,8,0.736843
100,10,0.0028916
200,10,0.0028324
400,10,0.0109261
600,10,0.0408057
800,10,0.1174647
1000,10,0.313811
1200,10,0.6038347
1400,10,0.7701914
100,16,0.0051914
200,16,0.0037668
400,16,0.0132833
600,16,0.0447583
800,16,0.0902856
1000,16,0.4135045
1200,16,0.5645057
1400,16,0.7411225
100,16,0.002649
200,16,0.0032592
400,16,0.0118938
600,16,0.0484335
800,16,0.0912451
100,1,0.0014336
200,1,0.011385
400,1,0.0949729
600,1,0.3388181
800,1,0.8098385
1000,1,1.5372146
1200,1,2.7441491
1400,1,4.4712539
1600,1,6.5475453
2000,1,12.6336792
100,1,0.0013739
200,1,0.0118107
400,1,0.0971268
600,1,0.3341035
800,1,0.7919408
1000,1,1.5070406
1200,1,2.633228
1400,1,4.317726
100,2,0.0011262
200,2,0.0058888
400,2,0.0498871
600,2,0.1753321
800,2,0.3990864
1000,2,0.76291
1200,2,1.3303163
1400,2,2.0907649
100,4,0.0015958
200,4,0.0036305
400,4,0.0242927
600,4,0.0986846
800,4,0.2382445
1000,4,0.4343072
1200,4,0.7193561
1400,4,1.0909228
100,8,0.0026802
200,8,0.003357
400,8,0.0135539
600,8,0.0445086
800,8,0.1253901
1000,8,0.3107052
1200,8,0.565064
1400,8,0.7829198
100,10,0.0015808
200,10,0.0027532
400,10,0.0120064
600,10,0.0407605
800,10,0.1202619
1000,10,0.2706065
1200,10,0.4945709
1400,10,0.6940198
100,16,0.0033489
200,16,0.0043564
400,16,0.0111425
600,16,0.0435199
800,16,0.1052173
1000,16,0.4117459
1200,16,0.5558901
1400,16,0.7116609
100,2,0.0012654
200,2,0.0059359
400,2,0.0481393
600,2,0.1667937
800,2,0.4340429
1000,2,0.8523309
1200,2,1.5136641
1400,2,2.5565699
1600,2,3.7690176
2000,2,6.6668257
100,1,0.0014306
200,1,0.0108359
400,1,0.0984079
600,1,0.3298518
800,1,0.7888164
1000,1,1.4849696
1200,1,2.57523
1400,1,4.1146962
100,2,0.0016458
200,2,0.0061344
400,2,0.0460014
600,2,0.1694359
800,2,0.405916
1000,2,0.7760253
1200,2,1.319982
1400,2,2.059746
100,4,0.0016889
200,4,0.0035589
400,4,0.0299414
600,4,0.0973419
800,4,0.2355415
1000,4,0.4380975
1200,4,0.735453
1400,4,1.1175004
100,8,0.0022345
200,8,0.0039435
400,8,0.0158104
600,8,0.0573482
800,8,0.151062
1000,8,0.3028203
1200,8,0.5964823
1400,8,0.7825017
100,10,0.0020868
200,10,0.0030053
400,10,0.0147015
600,10,0.0405694
800,10,0.1195794
1000,10,0.2869478
1200,10,0.5312068
1400,10,0.7268528
100,16,0.0037368
200,16,0.0038982
600,16,0.0477139
400,16,0.0877358
800,16,0.1194526
1000,16,0.3867012
1200,16,0.5025585
1400,16,0.6882856
100,4,0.0017436
200,4,0.0034832
400,4,0.0260595
800,4,0.197903
600,4,0.0883401
1000,4,0.5189896
1200,4,0.9719127
1400,4,1.5514301
1600,4,2.3386864
2000,4,4.0199573
100,1,0.0012946
200,1,0.0109791
400,1,0.0988942
600,1,0.332062
800,1,0.7853901
1000,1,1.4867142
1200,1,2.5639303
1400,1,4.0958996
100,2,0.0012206
200,2,0.0060137
400,2,0.0475374
600,2,0.1731606
800,2,0.3881474
1000,2,0.7606912
1200,2,1.3060238
1400,2,2.0315243
100,4,0.0015487
200,4,0.0043276
400,4,0.0259157
600,4,0.0933785
800,4,0.2416614
1000,4,0.4312531
1200,4,0.7063339
1400,4,1.0794862
100,8,0.0020714
200,8,0.0030644
400,8,0.016023
600,8,0.0451137
800,8,0.1206793
1000,8,0.3182826
1200,8,0.5321815
1400,8,0.7703473
100,10,0.0026842
200,10,0.0029931
400,10,0.0123014
600,10,0.0384953
800,10,0.1097339
1000,10,0.3187208
1200,10,0.5556168
1400,10,0.7449288
100,16,0.0031052
200,16,0.0032357
400,16,0.0111927
600,16,0.047211
800,16,0.117124
1000,16,0.4662975
1200,16,0.5612735
1400,16,0.7302057
100,8,0.0024223
200,8,0.0029719
400,8,0.0134918
600,8,0.0484775
800,8,0.1523634
1000,8,0.3563669
1200,8,0.8088047
1400,8,1.4195342
1600,8,2.3159361
2000,8,3.258442
100,1,0.0012986
200,1,0.0107338
400,1,0.0934126
600,1,0.3296721
800,1,0.7844936
1000,1,1.4837691
1200,1,2.5582157
1400,1,4.1190297
100,2,0.0014062
200,2,0.0065814
400,2,0.0480388
600,2,0.1715396
800,2,0.4029643
1000,2,0.7580336
1200,2,1.3138433
1400,2,2.0463692
100,4,0.0014494
200,4,0.0034683
400,4,0.0251587
600,4,0.0876058
800,4,0.2318238
1000,4,0.41533
1200,4,0.6911106
1400,4,1.080366
100,8,0.0021602
200,8,0.0037342
400,8,0.0136551
600,8,0.0474892
800,8,0.13983
1000,8,0.2741777
1200,8,0.4466702
1400,8,0.7172513
100,10,0.0025206
200,10,0.0036261
400,10,0.012203
600,10,0.0389292
800,10,0.0998934
1000,10,0.2845981
1200,10,0.5538341
1400,10,0.7655951
100,16,0.003014
200,16,0.0034735
400,16,0.0108576
600,16,0.0446057
800,16,0.1230062
1000,16,0.4312004
1200,16,0.5147395
1400,16,0.7161844
100,10,0.0025421
200,10,0.0038431
400,10,0.0125598
1000,10,0.1732289
800,10,0.128825
600,10,0.043639
1200,10,0.4837228
1400,10,1.2301693
1600,10,2.40373
2000,10,3.1794884
100,1,0.0013801
200,1,0.0116415
400,1,0.0948225
600,1,0.3360014
800,1,0.7894079
1000,1,1.5050847
1200,1,2.6368205
1400,1,4.383409
100,2,0.0011258
200,2,0.0063403
400,2,0.0491672
600,2,0.1744307
800,2,0.3982475
1000,2,0.7562492
1200,2,1.3299216
1400,2,2.0626733
100,4,0.0014342
200,4,0.00347
400,4,0.0250586
600,4,0.0886414
800,4,0.2377419
1000,4,0.434844
1200,4,0.728647
1400,4,1.1264322
100,8,0.0012968
200,8,0.0046337
400,8,0.0189893
600,8,0.0721875
800,8,0.1559888
1000,8,0.4378408
1200,8,0.5129383
1400,8,0.8188756
100,10,0.0023804
200,10,0.0039208
400,10,0.0119222
600,10,0.0380641
800,10,0.1101326
1000,10,0.3250824
1200,10,0.5169215
1400,10,0.8009173
100,16,0.0029184
200,16,0.0039192
400,16,0.01329
600,16,0.04373
800,16,0.126405
1000,16,0.4066724
1200,16,0.5882008
1400,16,0.7174892
100,16,0.0029997
200,16,0.0034514
400,16,0.0117683
600,16,0.0452179
800,16,0.1211575
1000,16,0.3711568
1200,16,1.0669125
1400,16,1.8794884
1600,16,2.4057899
2000,16,3.0903451
100,1,0.0018622
200,1,0.0115471
400,1,0.0997104
600,1,0.3398164
800,1,0.8071551
1000,1,1.5311021
1200,1,2.6541666
1400,1,4.3600896
100,2,0.0015361
200,2,0.0061902
400,2,0.0491608
600,2,0.1720663
800,2,0.4019789
1000,2,0.778693
1200,2,1.3367018
1400,2,2.0832749
100,4,0.0013625
200,4,0.0038597
400,4,0.02507
600,4,0.0916218
800,4,0.2247147
1000,4,0.432614
1200,4,0.7378906
1400,4,1.1062765
100,8,0.0025606
200,8,0.0039119
400,8,0.017498
600,8,0.0529511
800,8,0.1329984
1000,8,0.2778989
1200,8,0.5230837
1400,8,0.7737156
100,10,0.0029174
200,10,0.0029917
400,10,0.0131787
600,10,0.0380144
800,10,0.1095648
1000,10,0.2617908
1200,10,0.4846365
1400,10,0.7263927
100,16,0.004473
200,16,0.0043526
400,16,0.0101951
600,16,0.0447232
1000,16,0.1509773
800,16,0.5449228
1200,16,0.6444165
1400,16,0.7575057
